{
    "2": {
        "50": [
            0.6514550838658146,
            0.02021072485371601
        ],
        "52": [
            0.6401677526188557,
            0.020367393860752855
        ],
        "54": [
            0.686942221590909,
            0.02001276824000212
        ],
        "55": [
            0.4564653406193078,
            0.012890177231229084
        ],
        "60": [
            0.450454609375,
            0.012877209802544547
        ],
        "65": [
            0.5189238772433596,
            0.01287380956597334
        ],
        "70": [
            0.5383454014989293,
            0.012895820454545452
        ],
        "75": [
            0.521106614323259,
            0.0128900500253148
        ],
        "80": [
            0.6034106089597571,
            0.01286235216770972
        ],
        "85": [
            0.5754021239130435,
            0.012879491379737021
        ],
        "90": [
            0.6443462187902188,
            0.012885146099454433
        ],
        "95": [
            0.6629420158520476,
            0.012869731892523365
        ]
    },
    "4": {
        "50": [
            0.22592495017084283,
            0.01280329427386967
        ],
        "55": [
            0.28718701216893344,
            0.013028183790387822
        ],
        "60": [
            0.26020158182989694,
            0.013044046184472463
        ],
        "65": [
            0.2962984707852624,
            0.013022181576485648
        ],
        "70": [
            0.32895852052545155,
            0.013026782205913813
        ],
        "75": [
            0.30908993127147766,
            0.013024194323829022
        ]
    }
}